"Дата операции";"Дата платежа";"Номер карты";"Статус";"Сумма операции";"Валюта операции";"Сумма платежа";"Валюта платежа";"Кэшбэк";"Категория";"MCC";"Описание";"Бонусы (включая кэшбэк)";"Округление на инвесткопилку";"Сумма операции с округлением"
"15.05.2025 13:59:16";"15.05.2025";"*1600";"OK";"-2321,62";"RUB";"-2321,62";"RUB";"";"Супермаркеты";"5411";"Мираторг";"23,00";"0,00";"2321,62"
"15.05.2025 13:45:39";"15.05.2025";"*8082";"OK";"-1954,00";"RUB";"-1954,00";"RUB";"";"Аптеки";"5912";"Аптека Будь Здоров";"48,00";"0,00";"1954,00"
"15.05.2025 13:38:19";"15.05.2025";"";"OK";"5600,00";"RUB";"5600,00";"RUB";"";"Переводы";"";"Перевод между счетами";"0,00";"0,00";"5600,00"
"15.05.2025 13:38:18";"15.05.2025";"";"OK";"-5600,00";"RUB";"-5600,00";"RUB";"";"Переводы";"";"Перевод между счетами";"0,00";"0,00";"5600,00"
"15.05.2025 13:22:26";"15.05.2025";"*6553";"OK";"2000,00";"RUB";"2000,00";"RUB";"";"Переводы";"";"Ирина Д.";"0,00";"0,00";"2000,00"
"14.05.2025 20:35:37";"14.05.2025";"";"OK";"-100,00";"RUB";"-100,00";"RUB";"";"Мобильная связь";"";"МТС +7 981 781-82-54";"0,00";"0,00";"100,00"
"14.05.2025 19:41:18";"14.05.2025";"*6553";"OK";"-117,99";"RUB";"-117,99";"RUB";"";"Фастфуд";"5814";"Вендинговый автомат";"0,00";"0,00";"117,99"
"14.05.2025 19:33:17";"14.05.2025";"*6553";"OK";"-450,00";"RUB";"-450,00";"RUB";"";"Различные товары";"5331";"IP Shorokhov A.F.";"0,00";"0,00";"450,00"
"14.05.2025 17:23:18";"14.05.2025";"*6553";"OK";"-221,00";"RUB";"-221,00";"RUB";"";"Фастфуд";"5814";"Вкусно — и точка";"0,00";"0,00";"221,00"
"13.05.2025 19:38:27";"13.05.2025";"*6553";"OK";"5000,00";"RUB";"5000,00";"RUB";"";"Переводы";"";"Тимофей Р.";"0,00";"0,00";"5000,00"
"13.05.2025 19:36:55";"13.05.2025";"";"OK";"7400,00";"RUB";"7400,00";"RUB";"";"Переводы";"";"Перевод между счетами";"0,00";"0,00";"7400,00"
"13.05.2025 19:36:55";"13.05.2025";"";"OK";"-7400,00";"RUB";"-7400,00";"RUB";"";"Переводы";"";"Перевод между счетами";"0,00";"0,00";"7400,00"
"13.05.2025 19:35:08";"13.05.2025";"*6553";"OK";"1000,00";"RUB";"1000,00";"RUB";"";"Пополнения";"";"Внесение наличных через банкомат Т-Банк";"0,00";"0,00";"1000,00"
"13.05.2025 19:33:58";"13.05.2025";"*6553";"OK";"15000,00";"RUB";"15000,00";"RUB";"";"Пополнения";"";"Внесение наличных через банкомат Т-Банк";"0,00";"0,00";"15000,00"
"13.05.2025 19:03:18";"13.05.2025";"*6553";"OK";"-135,00";"RUB";"-135,00";"RUB";"";"Фастфуд";"5814";"Вкусно — и точка";"0,00";"0,00";"135,00"
"12.05.2025 23:25:20";"12.05.2025";"";"OK";"-1238,57";"RUB";"-1238,57";"RUB";"";"Услуги банка";"";"Плата за Программу страховой защиты";"0,00";"0,00";"1238,57"
"12.05.2025 23:18:33";"12.05.2025";"";"OK";"-390,00";"RUB";"-390,00";"RUB";"";"Услуги банка";"";"Плата за использование средств сверх лимита";"0,00";"0,00";"390,00"
"12.05.2025 22:27:36";"12.05.2025";"";"OK";"-3711,70";"RUB";"-3711,70";"RUB";"";"Услуги банка";"";"Проценты по кредиту";"0,00";"0,00";"3711,70"
"12.05.2025 18:20:24";"12.05.2025";"*6553";"OK";"-394,19";"RUB";"-394,19";"RUB";"";"Супермаркеты";"5411";"Пятёрочка";"0,00";"0,00";"394,19"
"12.05.2025 13:40:38";"12.05.2025";"";"OK";"-121,00";"RUB";"-121,00";"RUB";"";"Платные дороги";"4784";"Автодор-Платные Дороги";"0,00";"0,00";"121,00"
"12.05.2025 12:03:18";"12.05.2025";"*8082";"OK";"-6685,00";"RUB";"-6685,00";"RUB";"";"Маркетплейсы";"5300";"Aliexpress.ru";"166,00";"0,00";"6685,00"
"12.05.2025 11:56:20";"12.05.2025";"*6553";"OK";"1300,00";"RUB";"1300,00";"RUB";"";"Переводы";"";"Тимофей Р.";"0,00";"0,00";"1300,00"
"12.05.2025 10:23:55";"12.05.2025";"*6553";"OK";"-906,00";"RUB";"-906,00";"RUB";"";"Фастфуд";"5814";"Вкусно — и точка";"0,00";"0,00";"906,00"
"12.05.2025 09:59:25";"12.05.2025";"*6553";"OK";"-1708,50";"RUB";"-1708,50";"RUB";"";"Медицина";"8011";"Гемотест";"0,00";"0,00";"1708,50"
"12.05.2025 09:22:03";"12.05.2025";"*6553";"OK";"1500,00";"RUB";"1500,00";"RUB";"";"Переводы";"";"Ирина Д.";"0,00";"0,00";"1500,00"
"11.05.2025 19:52:48";"11.05.2025";"*6553";"OK";"-739,96";"RUB";"-739,96";"RUB";"";"Супермаркеты";"5411";"Лента";"0,00";"0,00";"739,96"
"10.05.2025 16:40:16";"10.05.2025";"*1600";"OK";"-199,00";"RUB";"-199,00";"RUB";"";"Маркетплейсы";"5964";"Ozon.ru";"1,00";"0,00";"199,00"
"10.05.2025 11:34:53";"10.05.2025";"*6553";"OK";"-840,40";"RUB";"-840,40";"RUB";"";"Супермаркеты";"5411";"Пятёрочка";"0,00";"0,00";"840,40"
"09.05.2025 23:20:23";"10.05.2025";"*6553";"OK";"-84,99";"RUB";"-84,99";"RUB";"";"Супермаркеты";"5411";"Дикси";"0,00";"0,00";"84,99"
"09.05.2025 22:25:14";"09.05.2025";"";"OK";"-3627,47";"RUB";"-3627,47";"RUB";"";"Услуги банка";"";"Проценты по кредиту";"0,00";"0,00";"3627,47"
"09.05.2025 18:02:49";"09.05.2025";"*6553";"OK";"-1753,92";"RUB";"-1753,92";"RUB";"";"Супермаркеты";"5411";"Перекрёсток";"0,00";"0,00";"1753,92"
"08.05.2025 18:58:47";"08.05.2025";"*6553";"OK";"-89,78";"RUB";"-89,78";"RUB";"";"Супермаркеты";"5411";"Пятёрочка";"0,00";"0,00";"89,78"
"08.05.2025 16:54:39";"08.05.2025";"";"OK";"-86,00";"RUB";"-86,00";"RUB";"";"Переводы";"";"Тимофей Р.";"0,00";"0,00";"86,00"
"08.05.2025 15:16:38";"08.05.2025";"*6553";"OK";"-110,00";"RUB";"-110,00";"RUB";"";"Фастфуд";"5814";"Казанский хлебозавод №3";"0,00";"0,00";"110,00"
"08.05.2025 15:01:26";"08.05.2025";"*6553";"OK";"-675,20";"RUB";"-675,20";"RUB";"";"Животные";"5995";"Четыре Лапы";"0,00";"0,00";"675,20"
"08.05.2025 13:47:24";"08.05.2025";"";"OK";"-1700,00";"RUB";"-1700,00";"RUB";"";"Переводы";"";"Тимофей Р.";"0,00";"0,00";"1700,00"
"08.05.2025 02:28:03";"08.05.2025";"";"OK";"-1000,00";"RUB";"-1000,00";"RUB";"";"Переводы";"";"Тимофей Р.";"0,00";"0,00";"1000,00"
"08.05.2025 02:27:51";"08.05.2025";"*6553";"FAILED";"-1000,00";"RUB";"-1000,00";"RUB";"";"";"";"Тимофей Р.";"0,00";"0,00";"1000,00"
"07.05.2025 23:23:34";"08.05.2025";"";"OK";"-10000,00";"RUB";"-10000,00";"RUB";"";"Переводы";"";"Тимофей Р.";"0,00";"0,00";"10000,00"
"07.05.2025 23:18:36";"08.05.2025";"*1600";"OK";"-1701,43";"RUB";"-1701,43";"RUB";"";"Маркетплейсы";"5399";"Aliexpress.ru";"17,00";"0,00";"1701,43"
"07.05.2025 21:49:10";"08.05.2025";"*6553";"OK";"-1590,00";"RUB";"-1590,00";"RUB";"";"Супермаркеты";"5411";"ВкусВилл";"0,00";"0,00";"1590,00"
"07.05.2025 12:57:09";"07.05.2025";"*6553";"OK";"15000,00";"RUB";"15000,00";"RUB";"";"Переводы";"";"Антон С.";"0,00";"0,00";"15000,00"
"05.05.2025 21:00:32";"05.05.2025";"*6553";"OK";"-1326,90";"RUB";"-1326,90";"RUB";"";"Супермаркеты";"5411";"Пятёрочка";"0,00";"0,00";"1326,90"
"05.05.2025 20:59:32";"05.05.2025";"*6553";"OK";"6000,00";"RUB";"6000,00";"RUB";"";"Переводы";"";"Тимофей Р.";"0,00";"0,00";"6000,00"
"05.05.2025 17:06:55";"05.05.2025";"*6553";"OK";"-325,00";"RUB";"-325,00";"RUB";"";"Фастфуд";"5814";"Вкусно — и точка";"0,00";"0,00";"325,00"
"05.05.2025 12:11:47";"05.05.2025";"*1600";"OK";"1747,01";"RUB";"1747,01";"RUB";"";"Маркетплейсы";"5399";"Aliexpress.ru";"-17,00";"0,00";"1747,01"
"04.05.2025 16:16:56";"04.05.2025";"";"OK";"-1400,00";"RUB";"-1400,00";"RUB";"";"Переводы";"";"Марианна Ч.";"0,00";"0,00";"1400,00"
"04.05.2025 12:01:19";"04.05.2025";"*6553";"OK";"-1799,55";"RUB";"-1799,55";"RUB";"";"Супермаркеты";"5411";"Пятёрочка";"0,00";"0,00";"1799,55"
"03.05.2025 17:26:38";"04.05.2025";"*6553";"OK";"-200,00";"RUB";"-200,00";"RUB";"";"Рестораны";"5812";"Фастфуд";"0,00";"0,00";"200,00"
"03.05.2025 15:33:35";"03.05.2025";"*6553";"OK";"-330,00";"RUB";"-330,00";"RUB";"";"Фастфуд";"5814";"Babl Ti Dva";"0,00";"0,00";"330,00"
"03.05.2025 13:45:51";"03.05.2025";"*6553";"OK";"-25,00";"RUB";"-25,00";"RUB";"";"Фастфуд";"5814";"Казанский хлебозавод №3";"0,00";"0,00";"25,00"
"03.05.2025 13:45:21";"03.05.2025";"*6553";"OK";"-100,00";"RUB";"-100,00";"RUB";"";"Фастфуд";"5814";"Казанский хлебозавод №3";"0,00";"0,00";"100,00"
"02.05.2025 20:32:32";"02.05.2025";"*6553";"OK";"-50,00";"RUB";"-50,00";"RUB";"";"Фастфуд";"5814";"Казанский хлебозавод №3";"0,00";"0,00";"50,00"
"02.05.2025 11:55:29";"02.05.2025";"";"OK";"-50,00";"RUB";"-50,00";"RUB";"";"Мобильная связь";"";"Т-Мобайл +7 993 688-38-68";"0,00";"0,00";"50,00"
"02.05.2025 06:08:44";"02.05.2025";"";"OK";"-5800,00";"RUB";"-5800,00";"RUB";"";"Кредиты";"";"Регулярный платеж";"0,00";"0,00";"5800,00"
"01.05.2025 19:57:52";"01.05.2025";"";"OK";"-1250,00";"RUB";"-1250,00";"RUB";"";"Переводы";"";"Марианна Ч.";"0,00";"0,00";"1250,00"
"01.05.2025 19:46:16";"01.05.2025";"*6553";"OK";"-50,00";"RUB";"-50,00";"RUB";"";"Фастфуд";"5814";"Казанский хлебозавод №3";"0,00";"0,00";"50,00"
"01.05.2025 13:15:36";"01.05.2025";"*6553";"OK";"-50,00";"RUB";"-50,00";"RUB";"";"Фастфуд";"5814";"Казанский хлебозавод №3";"0,00";"0,00";"50,00"
"30.04.2025 21:54:31";"30.04.2025";"*6553";"OK";"6700,00";"RUB";"6700,00";"RUB";"";"Переводы";"";"Роман Г.";"0,00";"0,00";"6700,00"
"30.04.2025 19:02:38";"30.04.2025";"";"OK";"-490,00";"RUB";"-490,00";"RUB";"";"Сервис";"4215";"СДЭК";"0,00";"0,00";"490,00"
"29.04.2025 18:41:01";"29.04.2025";"";"OK";"-950,81";"RUB";"-950,81";"RUB";"";"Супермаркеты";"5499";"ИП Абрамов Андрей Игоревич";"0,00";"0,00";"950,81"
"29.04.2025 18:36:47";"29.04.2025";"*6553";"OK";"-50,00";"RUB";"-50,00";"RUB";"";"Фастфуд";"5814";"Sp_Khleb.";"0,00";"0,00";"50,00"
"28.04.2025 17:34:03";"28.04.2025";"*1600";"OK";"-1450,89";"RUB";"-1450,89";"RUB";"";"Супермаркеты";"5411";"Пятёрочка";"14,00";"0,00";"1450,89"
"28.04.2025 17:22:51";"28.04.2025";"";"OK";"3000,00";"RUB";"3000,00";"RUB";"";"Переводы";"";"Перевод между счетами";"0,00";"0,00";"3000,00"
"28.04.2025 17:22:50";"28.04.2025";"";"OK";"-3000,00";"RUB";"-3000,00";"RUB";"";"Переводы";"";"Перевод между счетами";"0,00";"0,00";"3000,00"
"27.04.2025 22:09:10";"28.04.2025";"*1600";"OK";"-1747,01";"RUB";"-1747,01";"RUB";"";"Маркетплейсы";"5399";"Aliexpress.ru";"17,00";"0,00";"1747,01"
"27.04.2025 21:51:42";"27.04.2025";"*6553";"OK";"1702,28";"RUB";"1702,28";"RUB";"";"Переводы";"";"С";"0,00";"0,00";"1702,28"
"27.04.2025 20:27:12";"27.04.2025";"";"OK";"-1200,00";"RUB";"-1200,00";"RUB";"";"Переводы";"";"Тимофей Р.";"0,00";"0,00";"1200,00"
"27.04.2025 15:25:01";"27.04.2025";"*6553";"OK";"2000,00";"RUB";"2000,00";"RUB";"";"Переводы";"";"Владимир Р.";"0,00";"0,00";"2000,00"
"27.04.2025 15:09:39";"27.04.2025";"";"OK";"3506,00";"RUB";"3506,00";"RUB";"";"Переводы";"";"Перевод между счетами";"0,00";"0,00";"3506,00"
"27.04.2025 15:09:39";"27.04.2025";"";"OK";"-3506,00";"RUB";"-3506,00";"RUB";"";"Переводы";"";"Перевод между счетами";"0,00";"0,00";"3506,00"
"27.04.2025 15:08:35";"27.04.2025";"";"OK";"-5000,00";"RUB";"-5000,00";"RUB";"";"Переводы";"";"Роман О.";"0,00";"0,00";"5000,00"
"27.04.2025 15:05:20";"27.04.2025";"*6553";"OK";"-1240,00";"RUB";"-1240,00";"RUB";"";"Фастфуд";"5814";"bo.cafe";"0,00";"0,00";"1240,00"
"27.04.2025 14:56:26";"27.04.2025";"*6553";"OK";"-2904,00";"RUB";"-2904,00";"RUB";"";"Аптеки";"5912";"Аптека Здоров.ру";"0,00";"0,00";"2904,00"
"27.04.2025 14:53:23";"27.04.2025";"*6553";"OK";"-57,00";"RUB";"-57,00";"RUB";"";"Фастфуд";"5814";"Sp_Khleb.";"0,00";"0,00";"57,00"
"27.04.2025 14:48:21";"27.04.2025";"*6553";"OK";"8000,00";"RUB";"8000,00";"RUB";"";"Переводы";"";"Елена Р.";"0,00";"0,00";"8000,00"
"25.04.2025 20:24:55";"25.04.2025";"*6553";"OK";"-1460,00";"RUB";"-1460,00";"RUB";"";"Супермаркеты";"5499";"Магазин";"0,00";"0,00";"1460,00"
"25.04.2025 20:14:15";"25.04.2025";"*6553";"OK";"-50,00";"RUB";"-50,00";"RUB";"";"Фастфуд";"5814";"Sp_Khleb.";"0,00";"0,00";"50,00"
"25.04.2025 18:42:49";"25.04.2025";"*6553";"OK";"-975,00";"RUB";"-975,00";"RUB";"";"Дом и ремонт";"5719";"Домаркет";"0,00";"0,00";"975,00"
"25.04.2025 17:46:46";"26.04.2025";"*6553";"OK";"-80,00";"RUB";"-80,00";"RUB";"";"Фастфуд";"5814";"OOO Vkus Latte";"0,00";"0,00";"80,00"
"24.04.2025 20:56:29";"24.04.2025";"*6553";"OK";"-1744,37";"RUB";"-1744,37";"RUB";"";"Супермаркеты";"5411";"Пятёрочка";"0,00";"0,00";"1744,37"
"24.04.2025 17:16:10";"24.04.2025";"";"OK";"-2635,93";"RUB";"-2635,93";"RUB";"25";"Топливо";"5541";"Топливо в Городе";"25,67";"0,00";"2635,93"
"24.04.2025 17:14:53";"24.04.2025";"";"OK";"-3375,00";"RUB";"-3375,00";"RUB";"";"Переводы";"";"Штрафы ГИБДД";"0,00";"0,00";"3375,00"
"24.04.2025 15:49:36";"24.04.2025";"*6553";"OK";"-280,00";"RUB";"-280,00";"RUB";"";"Платные дороги";"4784";"Автодор-Платные Дороги";"0,00";"0,00";"280,00"
"24.04.2025 12:07:18";"24.04.2025";"*6553";"OK";"-270,94";"RUB";"-270,94";"RUB";"";"Супермаркеты";"5411";"Пятёрочка";"0,00";"0,00";"270,94"
"24.04.2025 11:37:00";"24.04.2025";"*6553";"OK";"-280,00";"RUB";"-280,00";"RUB";"";"Платные дороги";"4784";"Автодор-Платные Дороги";"0,00";"0,00";"280,00"
"23.04.2025 20:02:29";"23.04.2025";"*6553";"OK";"-200,00";"RUB";"-200,00";"RUB";"";"Супермаркеты";"5411";"ВкусВилл";"0,00";"0,00";"200,00"
"23.04.2025 19:11:59";"23.04.2025";"*6553";"OK";"-139,00";"RUB";"-139,00";"RUB";"";"Фастфуд";"5814";"FitVend";"0,00";"0,00";"139,00"
"23.04.2025 15:07:02";"24.04.2025";"*6553";"OK";"-2464,50";"RUB";"-2464,50";"RUB";"";"Топливо";"5541";"Газпромнефть";"0,00";"0,00";"2464,50"
"22.04.2025 22:38:39";"22.04.2025";"";"OK";"9,00";"RUB";"9,00";"RUB";"";"Бонусы";"";"Кэшбэк за обычные покупки";"0,00";"0,00";"9,00"
"22.04.2025 22:35:27";"22.04.2025";"";"OK";"10,01";"RUB";"10,01";"RUB";"";"Бонусы";"";"Кэшбэк за покупки в Городе";"0,00";"0,00";"10,01"
"22.04.2025 18:41:06";"22.04.2025";"*6553";"OK";"-279,00";"RUB";"-279,00";"RUB";"";"Фастфуд";"5814";"Вкусно — и точка";"0,00";"0,00";"279,00"
"22.04.2025 02:25:01";"22.04.2025";"";"OK";"-13300,00";"RUB";"-13300,00";"RUB";"";"Переводы";"";"Тимофей Р.";"0,00";"0,00";"13300,00"
"22.04.2025 02:23:09";"22.04.2025";"";"OK";"5800,00";"RUB";"5800,00";"RUB";"";"Переводы";"";"Перевод между счетами";"0,00";"0,00";"5800,00"
"22.04.2025 02:23:08";"22.04.2025";"";"OK";"-5800,00";"RUB";"-5800,00";"RUB";"";"Переводы";"";"Перевод между счетами";"0,00";"0,00";"5800,00"
"22.04.2025 02:21:58";"22.04.2025";"";"OK";"-245,80";"RUB";"-245,80";"RUB";"";"Мобильная связь";"";"Т-Мобайл +7 993 688-38-68";"0,00";"0,00";"245,80"
"22.04.2025 02:21:40";"22.04.2025";"";"OK";"5800,00";"RUB";"5800,00";"RUB";"";"Переводы";"";"Перевод между счетами";"0,00";"0,00";"5800,00"
"22.04.2025 02:21:40";"22.04.2025";"";"OK";"-5800,00";"RUB";"-5800,00";"RUB";"";"Переводы";"";"Перевод между счетами";"0,00";"0,00";"5800,00"
"22.04.2025 02:10:22";"22.04.2025";"";"OK";"-1900,00";"RUB";"-1900,00";"RUB";"";"Переводы";"";"Тимофей Р.";"0,00";"0,00";"1900,00"
"21.04.2025 21:45:04";"21.04.2025";"*6553";"OK";"-2469,00";"RUB";"-2469,00";"RUB";"";"Цифровые товары";"5818";"Smart Glocal";"0,00";"0,00";"2469,00"
"21.04.2025 21:40:17";"21.04.2025";"*6553";"OK";"-1990,00";"RUB";"-1990,00";"RUB";"";"Цифровые товары";"5818";"Smart Glocal";"0,00";"0,00";"1990,00"
"21.04.2025 21:10:49";"21.04.2025";"";"OK";"-3600,00";"RUB";"-3600,00";"RUB";"";"Переводы";"";"Тимофей Р.";"0,00";"0,00";"3600,00"
"21.04.2025 20:50:59";"21.04.2025";"*6553";"OK";"-465,00";"RUB";"-465,00";"RUB";"";"Супермаркеты";"5499";"Магазин";"0,00";"0,00";"465,00"
"21.04.2025 20:48:46";"21.04.2025";"*6553";"OK";"-98,00";"RUB";"-98,00";"RUB";"";"Супермаркеты";"5411";"ВкусВилл";"0,00";"0,00";"98,00"
"21.04.2025 20:41:19";"21.04.2025";"*6553";"OK";"-1121,93";"RUB";"-1121,93";"RUB";"";"Супермаркеты";"5411";"Лента";"0,00";"0,00";"1121,93"
"21.04.2025 20:32:10";"21.04.2025";"";"OK";"-25000,00";"RUB";"-25000,00";"RUB";"";"Переводы";"";"Георгий Л.";"0,00";"0,00";"25000,00"
"21.04.2025 20:31:38";"21.04.2025";"";"OK";"-30000,00";"RUB";"-30000,00";"RUB";"";"Переводы";"";"Роман О.";"0,00";"0,00";"30000,00"
"21.04.2025 20:30:41";"21.04.2025";"*6553";"OK";"110000,00";"RUB";"110000,00";"RUB";"";"Пополнения";"";"Внесение наличных через банкомат Т-Банк";"0,00";"0,00";"110000,00"
"20.04.2025 14:56:13";"20.04.2025";"*6553";"OK";"-262,97";"RUB";"-262,97";"RUB";"";"Супермаркеты";"5411";"Пятёрочка";"0,00";"0,00";"262,97"
"20.04.2025 14:46:10";"20.04.2025";"*6553";"OK";"1000,00";"RUB";"1000,00";"RUB";"";"Переводы";"";"Владимир Р.";"0,00";"0,00";"1000,00"
"19.04.2025 19:55:02";"19.04.2025";"*6553";"OK";"-2018,00";"RUB";"-2018,00";"RUB";"";"Фастфуд";"5814";"Папа Джонс";"0,00";"0,00";"2018,00"
"19.04.2025 19:28:58";"19.04.2025";"*6553";"OK";"-98,00";"RUB";"-98,00";"RUB";"";"Супермаркеты";"5411";"ВкусВилл";"0,00";"0,00";"98,00"
"19.04.2025 19:25:54";"19.04.2025";"*6553";"OK";"-1320,00";"RUB";"-1320,00";"RUB";"";"Супермаркеты";"5499";"Магазин";"0,00";"0,00";"1320,00"
"19.04.2025 17:17:46";"19.04.2025";"*6553";"OK";"-2131,00";"RUB";"-2131,00";"RUB";"";"Такси";"3990";"Яндекс Такси";"0,00";"0,00";"2131,00"
"19.04.2025 07:49:00";"19.04.2025";"";"OK";"3000,00";"RUB";"3000,00";"RUB";"";"Турагентства";"4722";"Пополнение от организации";"0,00";"0,00";"3000,00"
"19.04.2025 07:35:17";"19.04.2025";"*6553";"OK";"-450,00";"RUB";"-450,00";"RUB";"";"Супермаркеты";"5441";"Toy & Candy Shop";"0,00";"0,00";"450,00"
"19.04.2025 02:06:35";"19.04.2025";"*6553";"OK";"-660,00";"RUB";"-660,00";"RUB";"";"Фастфуд";"5814";"Фастфуд";"0,00";"0,00";"660,00"
"19.04.2025 01:24:31";"19.04.2025";"*1600";"OK";"-396,00";"RUB";"-396,00";"RUB";"";"Такси";"4121";"Яндекс Такси";"3,00";"0,00";"396,00"
"19.04.2025 00:41:35";"19.04.2025";"";"OK";"-700,00";"RUB";"-700,00";"RUB";"";"Мобильная связь";"";"Yota +7 926 788-38-69";"0,00";"0,00";"700,00"
"18.04.2025 16:03:14";"18.04.2025";"*6553";"OK";"-1073,60";"RUB";"-1073,60";"RUB";"";"Супермаркеты";"5411";"Первый Семейный";"0,00";"0,00";"1073,60"
"18.04.2025 12:40:38";"18.04.2025";"*1600";"OK";"-18,00";"RUB";"-18,00";"RUB";"";"Такси";"4121";"Яндекс Такси";"0,00";"0,00";"18,00"
"18.04.2025 12:40:12";"18.04.2025";"*1600";"OK";"-178,00";"RUB";"-178,00";"RUB";"";"Такси";"4121";"Яндекс Такси";"1,00";"0,00";"178,00"
"18.04.2025 12:26:40";"18.04.2025";"*6553";"OK";"-404,32";"RUB";"-404,32";"RUB";"";"Супермаркеты";"5499";"Vkusnoe More";"0,00";"0,00";"404,32"
"18.04.2025 12:25:53";"18.04.2025";"*6553";"OK";"-250,00";"RUB";"-250,00";"RUB";"";"Супермаркеты";"5499";"Vkusnoe More";"0,00";"0,00";"250,00"
"18.04.2025 12:24:58";"18.04.2025";"*6553";"OK";"-4100,00";"RUB";"-4100,00";"RUB";"";"Супермаркеты";"5499";"Vkusnoe More";"0,00";"0,00";"4100,00"
"18.04.2025 12:22:25";"18.04.2025";"*6553";"OK";"2600,00";"RUB";"2600,00";"RUB";"";"Переводы";"";"Елена Р.";"0,00";"0,00";"2600,00"
"18.04.2025 11:44:19";"18.04.2025";"*1600";"OK";"-20,00";"RUB";"-20,00";"RUB";"";"Такси";"4121";"Яндекс Такси";"0,00";"0,00";"20,00"
"18.04.2025 11:40:29";"18.04.2025";"*6553";"OK";"-200,00";"RUB";"-200,00";"RUB";"";"Супермаркеты";"5499";"Vkusnoe More";"0,00";"0,00";"200,00"
"18.04.2025 11:39:04";"18.04.2025";"*6553";"OK";"-1574,00";"RUB";"-1574,00";"RUB";"";"Супермаркеты";"5499";"Vkusnoe More";"0,00";"0,00";"1574,00"
"18.04.2025 11:26:18";"18.04.2025";"*1600";"OK";"-295,00";"RUB";"-295,00";"RUB";"";"Такси";"4121";"Яндекс Такси";"2,00";"0,00";"295,00"
"18.04.2025 11:13:18";"18.04.2025";"";"OK";"3400,00";"RUB";"3400,00";"RUB";"";"Переводы";"";"Перевод между счетами";"0,00";"0,00";"3400,00"
"18.04.2025 11:13:16";"18.04.2025";"";"OK";"-3400,00";"RUB";"-3400,00";"RUB";"";"Переводы";"";"Перевод между счетами";"0,00";"0,00";"3400,00"
"18.04.2025 10:45:58";"18.04.2025";"*6553";"OK";"5600,00";"RUB";"5600,00";"RUB";"";"Переводы";"";"Тимофей Р.";"0,00";"0,00";"5600,00"
"17.04.2025 10:11:47";"17.04.2025";"*6553";"OK";"-797,00";"RUB";"-797,00";"RUB";"";"Фастфуд";"5814";"Услуги отдыха ИП Ким г. Южно-Сахалинск";"0,00";"0,00";"797,00"
"17.04.2025 05:47:58";"17.04.2025";"*6553";"OK";"-249,98";"RUB";"-249,98";"RUB";"";"Супермаркеты";"5499";"Бристоль";"0,00";"0,00";"249,98"
"17.04.2025 05:42:43";"17.04.2025";"*6553";"OK";"-126,00";"RUB";"-126,00";"RUB";"";"Супермаркеты";"5921";"11 Mayakov";"0,00";"0,00";"126,00"
"16.04.2025 04:49:55";"16.04.2025";"*1600";"OK";"-2850,00";"RUB";"-2850,00";"RUB";"";"Супермаркеты";"5499";"Evo_Dorama1";"28,00";"0,00";"2850,00"
"16.04.2025 04:39:51";"16.04.2025";"*1600";"OK";"-3762,00";"RUB";"-3762,00";"RUB";"";"Дом и ремонт";"5200";"Kapelka Azii";"37,00";"0,00";"3762,00"
"16.04.2025 00:13:07";"16.04.2025";"*6553";"OK";"-436,93";"RUB";"-436,93";"RUB";"";"Супермаркеты";"5499";"Бристоль";"0,00";"0,00";"436,93"
"15.04.2025 10:37:17";"15.04.2025";"*6553";"OK";"-480,00";"RUB";"-480,00";"RUB";"";"Рестораны";"5812";"Buuza Bum";"0,00";"0,00";"480,00"
"14.04.2025 12:23:19";"14.04.2025";"*6553";"OK";"-970,40";"RUB";"-970,40";"RUB";"";"Супермаркеты";"5411";"Первый Семейный";"0,00";"0,00";"970,40"
"14.04.2025 11:51:01";"14.04.2025";"*6553";"OK";"-1240,00";"RUB";"-1240,00";"RUB";"";"Рестораны";"5812";"Buuza Bum";"0,00";"0,00";"1240,00"
"14.04.2025 11:18:09";"14.04.2025";"*6553";"OK";"-1050,00";"RUB";"-1050,00";"RUB";"";"Фастфуд";"5814";"Кафе ИП Мишин г. Южно-Сахалинск";"0,00";"0,00";"1050,00"
"14.04.2025 10:36:55";"14.04.2025";"*6553";"OK";"-1000,00";"RUB";"-1000,00";"RUB";"";"Частные услуги";"7273";"loveplanet";"0,00";"0,00";"1000,00"
"14.04.2025 04:50:47";"14.04.2025";"*6553";"OK";"-580,00";"RUB";"-580,00";"RUB";"";"Фастфуд";"5814";"Stolovaya Chippolini";"0,00";"0,00";"580,00"
"13.04.2025 23:01:35";"14.04.2025";"*6553";"OK";"-1606,48";"RUB";"-1606,48";"RUB";"";"Супермаркеты";"5411";"Первый Семейный";"0,00";"0,00";"1606,48"
"13.04.2025 22:09:52";"14.04.2025";"*1600";"OK";"244,00";"RUB";"244,00";"RUB";"";"Бонусы";"";"Компенсация покупки";"0,00";"0,00";"244,00"
"13.04.2025 22:09:35";"14.04.2025";"*1600";"OK";"750,00";"RUB";"750,00";"RUB";"";"Бонусы";"";"Компенсация покупки";"0,00";"0,00";"750,00"
"13.04.2025 13:41:59";"13.04.2025";"";"OK";"-3000,00";"RUB";"-3000,00";"RUB";"";"Турагентства";"4722";"Safe Travels.";"0,00";"0,00";"3000,00"
"13.04.2025 09:54:02";"13.04.2025";"*6553";"OK";"-2847,00";"RUB";"-2847,00";"RUB";"";"Супермаркеты";"5411";"Первый Семейный";"0,00";"0,00";"2847,00"
"13.04.2025 09:16:33";"13.04.2025";"*1600";"OK";"-309,00";"RUB";"-309,00";"RUB";"";"Такси";"4121";"Яндекс Такси";"3,00";"0,00";"309,00"
"13.04.2025 08:58:09";"13.04.2025";"*6553";"OK";"-80,00";"RUB";"-80,00";"RUB";"";"Фастфуд";"5814";"Мир Вендинга";"0,00";"0,00";"80,00"
"13.04.2025 08:37:47";"13.04.2025";"*1600";"OK";"-290,00";"RUB";"-290,00";"RUB";"";"Такси";"4121";"Яндекс Такси";"2,00";"0,00";"290,00"
"13.04.2025 04:02:28";"13.04.2025";"*6553";"OK";"-130,00";"RUB";"-130,00";"RUB";"";"Рестораны";"5812";"Eri";"0,00";"0,00";"130,00"
"13.04.2025 03:41:15";"13.04.2025";"*6553";"OK";"-495,00";"RUB";"-495,00";"RUB";"";"Рестораны";"5812";"Eri";"0,00";"0,00";"495,00"
"13.04.2025 03:31:45";"13.04.2025";"*6553";"OK";"-300,00";"RUB";"-300,00";"RUB";"";"Супермаркеты";"5331";"Продуктовый магазин";"0,00";"0,00";"300,00"
"13.04.2025 03:11:44";"13.04.2025";"*6553";"OK";"-900,00";"RUB";"-900,00";"RUB";"";"Различные товары";"5993";"Табачная лавка";"0,00";"0,00";"900,00"
"13.04.2025 02:50:02";"13.04.2025";"*6553";"OK";"-35,00";"RUB";"-35,00";"RUB";"";"Транспорт";"4131";"Городской транспорт Южно-Сахалинск";"0,00";"0,00";"35,00"
"13.04.2025 02:50:02";"13.04.2025";"*6553";"OK";"-35,00";"RUB";"-35,00";"RUB";"";"Транспорт";"4131";"Городской транспорт Южно-Сахалинск";"0,00";"0,00";"35,00"
"13.04.2025 02:10:14";"14.04.2025";"*6553";"OK";"-500,00";"RUB";"-500,00";"RUB";"";"Турагентства";"4722";"Pekendflaj Yuzhnosakha";"0,00";"0,00";"500,00"
"13.04.2025 01:41:45";"13.04.2025";"*6553";"OK";"-280,00";"RUB";"-280,00";"RUB";"";"Рестораны";"5812";".Chekhov Pab";"0,00";"0,00";"280,00"
"12.04.2025 23:28:08";"12.04.2025";"";"OK";"-917,90";"RUB";"-917,90";"RUB";"";"Услуги банка";"";"Плата за Программу страховой защиты";"0,00";"0,00";"917,90"
"12.04.2025 22:27:42";"12.04.2025";"";"OK";"-5134,44";"RUB";"-5134,44";"RUB";"";"Услуги банка";"";"Проценты по кредиту";"0,00";"0,00";"5134,44"
"12.04.2025 15:46:46";"12.04.2025";"*6553";"OK";"-490,00";"RUB";"-490,00";"RUB";"";"Фастфуд";"5814";"Mobar Tv";"0,00";"0,00";"490,00"
"12.04.2025 15:30:24";"13.04.2025";"*6553";"OK";"-289,00";"RUB";"-289,00";"RUB";"";"Различные товары";"5311";"Sheremetyevo Duty Free Heinemann";"0,00";"0,00";"289,00"
"12.04.2025 13:44:31";"12.04.2025";"*1600";"OK";"-2524,00";"RUB";"-2524,00";"RUB";"";"Такси";"4121";"Яндекс Такси";"25,00";"0,00";"2524,00"
"11.04.2025 22:52:12";"14.04.2025";"*1600";"OK";"-29000,00";"RUB";"-29000,00";"RUB";"";"Турагентства";"4722";"Яндекс Путешествия";"0,00";"0,00";"29000,00"
"11.04.2025 22:25:28";"12.04.2025";"*1600";"OK";"-40034,00";"RUB";"-40034,00";"RUB";"";"Авиабилеты";"3011";"Аэрофлот";"400,00";"0,00";"40034,00"
"11.04.2025 19:13:26";"11.04.2025";"*6553";"OK";"2600,00";"RUB";"2600,00";"RUB";"";"Переводы";"";"Ирина Д.";"0,00";"0,00";"2600,00"
"11.04.2025 18:51:02";"11.04.2025";"*1600";"OK";"-2154,00";"RUB";"-2154,00";"RUB";"";"Аптеки";"5912";"Аптека Здоров.ру";"21,00";"0,00";"2154,00"
"11.04.2025 17:33:27";"11.04.2025";"*6553";"OK";"15000,00";"RUB";"15000,00";"RUB";"";"Переводы";"";"Антон С.";"0,00";"0,00";"15000,00"
"11.04.2025 13:50:00";"11.04.2025";"";"OK";"69300,00";"RUB";"69300,00";"RUB";"";"Переводы";"";"Перевод между счетами";"0,00";"0,00";"69300,00"
"11.04.2025 13:49:59";"11.04.2025";"";"OK";"-69300,00";"RUB";"-69300,00";"RUB";"";"Переводы";"";"Перевод между счетами";"0,00";"0,00";"69300,00"
"10.04.2025 22:46:56";"11.04.2025";"*1600";"OK";"-19330,00";"RUB";"-19330,00";"RUB";"";"Авиабилеты";"3011";"Аэрофлот";"193,00";"0,00";"19330,00"
"10.04.2025 22:30:55";"11.04.2025";"";"OK";"30000,00";"RUB";"30000,00";"RUB";"";"Переводы";"";"Перевод между счетами";"0,00";"0,00";"30000,00"
"10.04.2025 22:30:54";"11.04.2025";"";"OK";"-30000,00";"RUB";"-30000,00";"RUB";"";"Переводы";"";"Перевод между счетами";"0,00";"0,00";"30000,00"
"10.04.2025 20:43:19";"10.04.2025";"";"OK";"-6200,00";"RUB";"-6200,00";"RUB";"";"Переводы";"";"Тимофей Р.";"0,00";"0,00";"6200,00"
"10.04.2025 20:39:14";"11.04.2025";"*1600";"OK";"-999,51";"RUB";"-999,51";"RUB";"";"Топливо";"5541";"Яндекс Заправки";"9,00";"0,00";"999,51"
"10.04.2025 20:36:49";"10.04.2025";"*6553";"OK";"113000,00";"RUB";"113000,00";"RUB";"";"Переводы";"";"Тимофей Р.";"0,00";"0,00";"113000,00"
"10.04.2025 20:34:51";"10.04.2025";"";"OK";"700,00";"RUB";"700,00";"RUB";"";"Переводы";"";"Перевод между счетами";"0,00";"0,00";"700,00"
"10.04.2025 20:34:51";"10.04.2025";"";"OK";"-700,00";"RUB";"-700,00";"RUB";"";"Переводы";"";"Перевод между счетами";"0,00";"0,00";"700,00"
"09.04.2025 22:28:40";"09.04.2025";"";"OK";"-3819,73";"RUB";"-3819,73";"RUB";"";"Услуги банка";"";"Проценты по кредиту";"0,00";"0,00";"3819,73"
"09.04.2025 19:21:42";"09.04.2025";"*6553";"OK";"-1700,96";"RUB";"-1700,96";"RUB";"";"Супермаркеты";"5411";"Пятёрочка";"0,00";"0,00";"1700,96"
"09.04.2025 18:21:01";"09.04.2025";"*6553";"OK";"3018,00";"RUB";"3018,00";"RUB";"";"Переводы";"";"Руслан Ш.";"0,00";"0,00";"3018,00"
"08.04.2025 19:33:41";"08.04.2025";"*6553";"OK";"-109,00";"RUB";"-109,00";"RUB";"";"Фастфуд";"5814";"FitVend";"0,00";"0,00";"109,00"
"08.04.2025 15:03:27";"08.04.2025";"";"OK";"-30000,00";"RUB";"-30000,00";"RUB";"";"Переводы";"";"Роман О.";"0,00";"0,00";"30000,00"
"07.04.2025 19:54:03";"07.04.2025";"*1600";"OK";"-147,98";"RUB";"-147,98";"RUB";"";"Супермаркеты";"5411";"Пятёрочка";"1,00";"0,00";"147,98"
"07.04.2025 16:59:24";"07.04.2025";"*6553";"OK";"30000,00";"RUB";"30000,00";"RUB";"";"Пополнения";"";"Внесение наличных через банкомат Т-Банк";"0,00";"0,00";"30000,00"
"06.04.2025 18:04:45";"06.04.2025";"*1600";"OK";"-1120,00";"RUB";"-1120,00";"RUB";"";"Супермаркеты";"5499";"Магазин";"11,00";"0,00";"1120,00"
"06.04.2025 16:20:56";"06.04.2025";"*1600";"OK";"-199,00";"RUB";"-199,00";"RUB";"";"Маркетплейсы";"5964";"Ozon.ru";"1,00";"0,00";"199,00"
"06.04.2025 13:00:53";"06.04.2025";"";"OK";"-125,00";"RUB";"-125,00";"RUB";"";"Развлечения";"7922";"INTICKETS.RU";"0,00";"0,00";"125,00"
"06.04.2025 12:43:52";"06.04.2025";"";"OK";"-250,00";"RUB";"-250,00";"RUB";"";"Развлечения";"7922";"INTICKETS.RU";"0,00";"0,00";"250,00"
"06.04.2025 12:11:19";"06.04.2025";"";"OK";"-15100,00";"RUB";"-15100,00";"RUB";"";"Переводы";"";"Тимофей Р.";"0,00";"0,00";"15100,00"
"06.04.2025 02:11:46";"06.04.2025";"";"OK";"-24000,00";"RUB";"-24000,00";"RUB";"";"Переводы";"";"Тимофей Р.";"0,00";"0,00";"24000,00"
"05.04.2025 16:32:08";"05.04.2025";"";"OK";"-960,00";"RUB";"-960,00";"RUB";"";"Переводы";"";"Тимофей Р.";"0,00";"0,00";"960,00"
"05.04.2025 13:20:56";"06.04.2025";"*6553";"OK";"-70,00";"RUB";"-70,00";"RUB";"";"Местный транспорт";"4111";"Московский транспорт";"0,00";"0,00";"70,00"
"05.04.2025 13:20:56";"06.04.2025";"*6553";"OK";"-70,00";"RUB";"-70,00";"RUB";"";"Местный транспорт";"4111";"Московский транспорт";"0,00";"0,00";"70,00"
"05.04.2025 13:16:29";"05.04.2025";"*6553";"OK";"-180,00";"RUB";"-180,00";"RUB";"";"Фастфуд";"5814";"Sp_Khleb.";"0,00";"0,00";"180,00"
"05.04.2025 12:25:59";"05.04.2025";"*6553";"OK";"-980,00";"RUB";"-980,00";"RUB";"";"Рестораны";"5812";"Ресторан";"0,00";"0,00";"980,00"
"05.04.2025 10:51:24";"06.04.2025";"*6553";"OK";"-70,00";"RUB";"-70,00";"RUB";"";"Местный транспорт";"4111";"Московский транспорт";"0,00";"0,00";"70,00"
"05.04.2025 10:51:24";"06.04.2025";"*6553";"OK";"-70,00";"RUB";"-70,00";"RUB";"";"Местный транспорт";"4111";"Московский транспорт";"0,00";"0,00";"70,00"
"04.04.2025 23:29:22";"05.04.2025";"";"OK";"-1121,00";"RUB";"-1121,00";"RUB";"";"Интернет";"";"Ростелеком Плати Просто";"0,00";"0,00";"1121,00"
"04.04.2025 19:12:18";"05.04.2025";"*6553";"OK";"-70,00";"RUB";"-70,00";"RUB";"";"Местный транспорт";"4111";"Московский транспорт";"0,00";"0,00";"70,00"
"04.04.2025 18:26:51";"04.04.2025";"*1600";"OK";"-31492,00";"RUB";"-31492,00";"RUB";"";"Аптеки";"5912";"Аптеки Столички";"314,00";"0,00";"31492,00"
"04.04.2025 18:18:45";"04.04.2025";"";"OK";"29917,84";"RUB";"29917,84";"RUB";"";"Переводы";"";"Перевод между счетами";"0,00";"0,00";"29917,84"
"04.04.2025 18:18:45";"04.04.2025";"";"OK";"-29917,84";"RUB";"-29917,84";"RUB";"";"Переводы";"";"Перевод между счетами";"0,00";"0,00";"29917,84"
"04.04.2025 18:16:51";"04.04.2025";"*6553";"OK";"38000,00";"RUB";"38000,00";"RUB";"";"Переводы";"";"Тимофей Р.";"0,00";"0,00";"38000,00"
"04.04.2025 18:12:00";"04.04.2025";"*6553";"OK";"31500,00";"RUB";"31500,00";"RUB";"";"Переводы";"";"Ирина Д.";"0,00";"0,00";"31500,00"
"04.04.2025 17:53:42";"05.04.2025";"*6553";"OK";"-70,00";"RUB";"-70,00";"RUB";"";"Местный транспорт";"4111";"Московский транспорт";"0,00";"0,00";"70,00"
"04.04.2025 11:11:37";"04.04.2025";"*6553";"OK";"3000,00";"RUB";"3000,00";"RUB";"";"Переводы";"";"Ирина Д.";"0,00";"0,00";"3000,00"
"03.04.2025 21:10:11";"03.04.2025";"";"OK";"-80,00";"RUB";"-80,00";"RUB";"";"Мобильная связь";"";"Т-Мобайл +7 993 688-38-68";"0,00";"0,00";"80,00"
"03.04.2025 20:18:19";"03.04.2025";"";"OK";"-20,00";"RUB";"-20,00";"RUB";"";"Мобильная связь";"";"Т-Мобайл +7 993 688-38-68";"0,00";"0,00";"20,00"
"02.04.2025 15:49:21";"02.04.2025";"*6553";"OK";"-630,00";"RUB";"-630,00";"RUB";"";"Платные дороги";"4784";"Объединённые системы сбора платы";"0,00";"0,00";"630,00"
"02.04.2025 06:09:24";"02.04.2025";"";"OK";"-5800,00";"RUB";"-5800,00";"RUB";"";"Кредиты";"";"Регулярный платеж";"0,00";"0,00";"5800,00"
"31.03.2025 15:56:19";"31.03.2025";"*6553";"OK";"-139,00";"RUB";"-139,00";"RUB";"1";"Фастфуд";"5814";"FitVend";"1,00";"0,00";"139,00"
"29.03.2025 16:20:32";"29.03.2025";"*6553";"OK";"-899,29";"RUB";"-899,29";"RUB";"8";"Супермаркеты";"5411";"Пятёрочка";"8,00";"0,00";"899,29"
"29.03.2025 14:16:48";"29.03.2025";"";"OK";"5800,00";"RUB";"5800,00";"RUB";"";"Переводы";"";"Перевод между счетами";"0,00";"0,00";"5800,00"
"29.03.2025 14:16:47";"29.03.2025";"";"OK";"-5800,00";"RUB";"-5800,00";"RUB";"";"Переводы";"";"Перевод между счетами";"0,00";"0,00";"5800,00"
"28.03.2025 19:23:43";"28.03.2025";"*6553";"OK";"-3040,00";"RUB";"-3040,00";"RUB";"";"Медицина";"8011";"Sm_Perspektiva";"0,00";"0,00";"3040,00"
"28.03.2025 16:49:13";"28.03.2025";"*6553";"OK";"-885,35";"RUB";"-885,35";"RUB";"";"Супермаркеты";"5411";"Пятёрочка";"0,00";"0,00";"885,35"
"28.03.2025 12:06:12";"28.03.2025";"";"OK";"-1023,56";"RUB";"-1023,56";"RUB";"10";"Топливо";"5541";"Топливо в Городе";"10,01";"0,00";"1023,56"
"27.03.2025 19:49:07";"27.03.2025";"*6553";"OK";"-997,14";"RUB";"-997,14";"RUB";"";"Супермаркеты";"5411";"Пятёрочка";"0,00";"0,00";"997,14"
"27.03.2025 19:33:28";"27.03.2025";"*6553";"OK";"-2146,00";"RUB";"-2146,00";"RUB";"";"Аптеки";"5912";"Аптека Вита";"0,00";"0,00";"2146,00"
"27.03.2025 16:26:17";"01.04.2025";"";"OK";"-900,00";"RUB";"-900,00";"RUB";"";"Развлечения";"7999";"Клаустрофобия";"0,00";"0,00";"900,00"
"27.03.2025 15:08:26";"27.03.2025";"";"OK";"-600,00";"RUB";"-600,00";"RUB";"";"Переводы";"";"Матвей Р.";"0,00";"0,00";"600,00"
"26.03.2025 23:20:07";"27.03.2025";"";"OK";"-300,00";"RUB";"-300,00";"RUB";"";"Мобильная связь";"";"Yota +7 926 788-38-66";"0,00";"0,00";"300,00"
"26.03.2025 22:37:10";"27.03.2025";"*6553";"OK";"-343,00";"RUB";"-343,00";"RUB";"";"Супермаркеты";"5411";"Продуктовый магазин";"0,00";"0,00";"343,00"
"26.03.2025 21:27:40";"26.03.2025";"*6553";"OK";"-1082,80";"RUB";"-1082,80";"RUB";"";"Супермаркеты";"5499";"Красное и белое";"0,00";"0,00";"1082,80"
"25.03.2025 18:30:50";"25.03.2025";"*6553";"OK";"-135,00";"RUB";"-135,00";"RUB";"";"Фастфуд";"5814";"Вкусно — и точка";"0,00";"0,00";"135,00"
"25.03.2025 17:29:44";"26.03.2025";"*6553";"OK";"-300,00";"RUB";"-300,00";"RUB";"";"Автоуслуги";"7523";"PAO Strategii-2000 D.U";"0,00";"0,00";"300,00"
"25.03.2025 17:23:56";"25.03.2025";"*6553";"OK";"-2500,00";"RUB";"-2500,00";"RUB";"";"Красота";"7230";"Topgun";"0,00";"0,00";"2500,00"
"24.03.2025 15:38:25";"24.03.2025";"";"OK";"5500,00";"RUB";"5500,00";"RUB";"";"Переводы";"";"Перевод между счетами";"0,00";"0,00";"5500,00"
"24.03.2025 15:38:25";"24.03.2025";"";"OK";"-5500,00";"RUB";"-5500,00";"RUB";"";"Переводы";"";"Перевод между счетами";"0,00";"0,00";"5500,00"
"24.03.2025 15:34:24";"24.03.2025";"";"OK";"-1769,00";"RUB";"-1769,00";"RUB";"";"Переводы";"";"Тимофей Р.";"0,00";"0,00";"1769,00"
"24.03.2025 15:32:48";"24.03.2025";"";"OK";"-1500,00";"RUB";"-1500,00";"RUB";"";"Переводы";"";"Тимофей Р.";"0,00";"0,00";"1500,00"
"24.03.2025 15:31:51";"24.03.2025";"";"OK";"-310,00";"RUB";"-310,00";"RUB";"";"Мобильная связь";"";"Т-Мобайл +7 993 688-38-68";"0,00";"0,00";"310,00"
"23.03.2025 18:55:02";"23.03.2025";"*6553";"OK";"-50,00";"RUB";"-50,00";"RUB";"";"Фастфуд";"5814";"Sp_Khleb.";"0,00";"0,00";"50,00"
"23.03.2025 18:47:27";"23.03.2025";"*6553";"OK";"-771,94";"RUB";"-771,94";"RUB";"";"Супермаркеты";"5411";"Пятёрочка";"0,00";"0,00";"771,94"
"23.03.2025 18:11:22";"23.03.2025";"*6553";"OK";"-168,88";"RUB";"-168,88";"RUB";"";"Супермаркеты";"5499";"Красное и белое";"0,00";"0,00";"168,88"
"23.03.2025 17:48:44";"23.03.2025";"";"OK";"-1837,11";"RUB";"-1837,11";"RUB";"";"Дом и ремонт";"5251";"TSPROF";"0,00";"0,00";"1837,11"
"22.03.2025 19:55:57";"22.03.2025";"";"OK";"-1184,00";"RUB";"-1184,00";"RUB";"";"Переводы";"";"Марианна Ч.";"0,00";"0,00";"1184,00"
"22.03.2025 19:45:47";"22.03.2025";"*6553";"OK";"-38,00";"RUB";"-38,00";"RUB";"";"Супермаркеты";"5411";"ВкусВилл";"0,00";"0,00";"38,00"
"22.03.2025 19:44:02";"22.03.2025";"*6553";"OK";"-714,90";"RUB";"-714,90";"RUB";"";"Супермаркеты";"5411";"Рублёвский";"0,00";"0,00";"714,90"
"22.03.2025 11:23:45";"22.03.2025";"*6553";"OK";"-356,00";"RUB";"-356,00";"RUB";"";"Фастфуд";"5814";"Вкусно — и точка";"0,00";"0,00";"356,00"
"21.03.2025 19:39:12";"21.03.2025";"*6553";"OK";"-1212,87";"RUB";"-1212,87";"RUB";"";"Супермаркеты";"5411";"Пятёрочка";"0,00";"0,00";"1212,87"
"21.03.2025 18:24:39";"21.03.2025";"*6553";"OK";"33000,00";"RUB";"33000,00";"RUB";"";"Пополнения";"";"Внесение наличных через банкомат Т-Банк";"0,00";"0,00";"33000,00"
"21.03.2025 11:36:28";"21.03.2025";"";"OK";"-30000,00";"RUB";"-30000,00";"RUB";"";"Переводы";"";"Роман О.";"0,00";"0,00";"30000,00"
"21.03.2025 11:35:27";"21.03.2025";"";"OK";"-45000,00";"RUB";"-45000,00";"RUB";"";"Переводы";"";"Антон Н.";"0,00";"0,00";"45000,00"
"20.03.2025 21:58:27";"20.03.2025";"";"OK";"-139,00";"RUB";"-139,00";"RUB";"";"Фастфуд";"5814";"FitVend";"0,00";"0,00";"139,00"
"20.03.2025 21:51:42";"20.03.2025";"*6553";"OK";"30000,00";"RUB";"30000,00";"RUB";"";"Пополнения";"";"Внесение наличных через банкомат Т-Банк";"0,00";"0,00";"30000,00"
"20.03.2025 21:50:58";"20.03.2025";"*6553";"OK";"50000,00";"RUB";"50000,00";"RUB";"";"Пополнения";"";"Внесение наличных через банкомат Т-Банк";"0,00";"0,00";"50000,00"
"19.03.2025 19:29:13";"19.03.2025";"";"OK";"-707,00";"RUB";"-707,00";"RUB";"";"Переводы";"";"Марианна Ч.";"0,00";"0,00";"707,00"
"17.03.2025 20:49:27";"17.03.2025";"*6553";"OK";"-289,97";"RUB";"-289,97";"RUB";"";"Супермаркеты";"5411";"Пятёрочка";"0,00";"0,00";"289,97"
"16.03.2025 14:36:00";"16.03.2025";"*1600";"OK";"250,00";"RUB";"250,00";"RUB";"";"Бонусы";"";"Компенсация покупки";"0,00";"0,00";"250,00"
"16.03.2025 14:35:50";"16.03.2025";"*1600";"OK";"220,00";"RUB";"220,00";"RUB";"";"Бонусы";"";"Компенсация покупки";"0,00";"0,00";"220,00"
"15.03.2025 18:36:31";"15.03.2025";"*6553";"OK";"-989,92";"RUB";"-989,92";"RUB";"";"Супермаркеты";"5411";"Пятёрочка";"0,00";"0,00";"989,92"
"15.03.2025 18:17:21";"15.03.2025";"*6553";"OK";"-78,00";"RUB";"-78,00";"RUB";"";"Фастфуд";"5814";"Sp_Khleb.";"0,00";"0,00";"78,00"
"15.03.2025 18:13:21";"15.03.2025";"*6553";"OK";"-120,00";"RUB";"-120,00";"RUB";"";"Фастфуд";"5814";"Nomad Smoke";"0,00";"0,00";"120,00"
"15.03.2025 17:34:12";"15.03.2025";"";"OK";"11100,00";"RUB";"11100,00";"RUB";"";"Переводы";"";"Перевод между счетами";"0,00";"0,00";"11100,00"
"15.03.2025 17:34:11";"15.03.2025";"";"OK";"-11100,00";"RUB";"-11100,00";"RUB";"";"Переводы";"";"Перевод между счетами";"0,00";"0,00";"11100,00"
"15.03.2025 17:33:45";"15.03.2025";"*6553";"OK";"11778,00";"RUB";"11778,00";"RUB";"";"Переводы";"";"Тимофей Р.";"0,00";"0,00";"11778,00"
"15.03.2025 16:15:49";"15.03.2025";"*6553";"OK";"-1792,00";"RUB";"-1792,00";"RUB";"";"Фастфуд";"5814";"Братья Караваевы";"0,00";"0,00";"1792,00"
"15.03.2025 16:13:54";"15.03.2025";"*6553";"OK";"780,00";"RUB";"780,00";"RUB";"";"Переводы";"";"Тимофей Р.";"0,00";"0,00";"780,00"
"15.03.2025 16:13:19";"15.03.2025";"*6553";"OK";"800,00";"RUB";"800,00";"RUB";"";"Переводы";"";"Тимофей Р.";"0,00";"0,00";"800,00"
"15.03.2025 13:38:36";"15.03.2025";"";"OK";"-500,00";"RUB";"-500,00";"RUB";"";"Местный транспорт";"4111";"Тройка";"0,00";"0,00";"500,00"
